image,class
imdb/img/2/473.jpg,2
imdb/img/2/301.jpg,2
imdb/img/2/487.jpg,2
imdb/img/2/400.jpg,2
imdb/img/2/148.jpg,2
imdb/img/2/15.jpg,2
imdb/img/2/345.jpg,2
imdb/img/2/211.jpg,2
imdb/img/2/376.jpg,2
imdb/img/2/168.jpg,2
imdb/img/2/421.jpg,2
imdb/img/2/289.jpg,2
imdb/img/2/167.jpg,2
imdb/img/2/428.jpg,2
imdb/img/2/408.jpg,2
imdb/img/2/493.jpg,2
imdb/img/2/371.jpg,2
imdb/img/2/427.jpg,2
imdb/img/2/393.jpg,2
imdb/img/2/165.jpg,2
imdb/img/2/361.jpg,2
imdb/img/2/223.jpg,2
imdb/img/2/218.jpg,2
imdb/img/2/54.jpg,2
imdb/img/2/9.jpg,2
imdb/img/2/303.jpg,2
imdb/img/2/122.jpg,2
imdb/img/2/189.jpg,2
imdb/img/2/233.jpg,2
imdb/img/2/52.jpg,2
imdb/img/2/188.jpg,2
imdb/img/2/198.jpg,2
imdb/img/2/142.jpg,2
imdb/img/2/363.jpg,2
imdb/img/2/227.jpg,2
imdb/img/2/465.jpg,2
imdb/img/2/19.jpg,2
imdb/img/2/156.jpg,2
imdb/img/2/109.jpg,2
imdb/img/2/77.jpg,2
imdb/img/2/226.jpg,2
imdb/img/2/195.jpg,2
imdb/img/2/62.jpg,2
imdb/img/2/186.jpg,2
imdb/img/2/266.jpg,2
imdb/img/2/278.jpg,2
imdb/img/2/312.jpg,2
imdb/img/2/302.jpg,2
imdb/img/2/55.jpg,2
imdb/img/2/470.jpg,2
imdb/img/2/496.jpg,2
imdb/img/2/129.jpg,2
imdb/img/2/221.jpg,2
imdb/img/2/88.jpg,2
imdb/img/2/365.jpg,2
imdb/img/2/32.jpg,2
imdb/img/2/33.jpg,2
imdb/img/2/334.jpg,2
imdb/img/2/102.jpg,2
imdb/img/2/10.jpg,2
imdb/img/2/100.jpg,2
imdb/img/2/154.jpg,2
imdb/img/2/41.jpg,2
imdb/img/2/350.jpg,2
imdb/img/2/236.jpg,2
imdb/img/2/112.jpg,2
imdb/img/2/359.jpg,2
imdb/img/2/499.jpg,2
imdb/img/2/194.jpg,2
imdb/img/2/482.jpg,2
imdb/img/2/430.jpg,2
imdb/img/2/449.jpg,2
imdb/img/2/107.jpg,2
imdb/img/2/463.jpg,2
imdb/img/2/201.jpg,2
imdb/img/2/241.jpg,2
imdb/img/2/160.jpg,2
imdb/img/2/89.jpg,2
imdb/img/2/44.jpg,2
imdb/img/2/264.jpg,2
imdb/img/2/134.jpg,2
imdb/img/2/20.jpg,2
imdb/img/2/486.jpg,2
imdb/img/2/149.jpg,2
imdb/img/2/209.jpg,2
imdb/img/2/99.jpg,2
imdb/img/2/265.jpg,2
imdb/img/2/175.jpg,2
imdb/img/2/456.jpg,2
imdb/img/2/396.jpg,2
imdb/img/2/113.jpg,2
imdb/img/2/26.jpg,2
imdb/img/2/63.jpg,2
imdb/img/2/137.jpg,2
imdb/img/2/12.jpg,2
imdb/img/2/131.jpg,2
imdb/img/2/179.jpg,2
imdb/img/2/294.jpg,2
imdb/img/2/42.jpg,2
imdb/img/2/316.jpg,2
imdb/img/2/196.jpg,2
imdb/img/2/67.jpg,2
imdb/img/2/144.jpg,2
imdb/img/2/414.jpg,2
imdb/img/2/140.jpg,2
imdb/img/2/263.jpg,2
imdb/img/2/379.jpg,2
imdb/img/2/435.jpg,2
imdb/img/2/392.jpg,2
imdb/img/2/287.jpg,2
imdb/img/2/260.jpg,2
imdb/img/2/391.jpg,2
imdb/img/2/135.jpg,2
imdb/img/2/183.jpg,2
imdb/img/2/468.jpg,2
imdb/img/2/212.jpg,2
imdb/img/2/253.jpg,2
imdb/img/2/290.jpg,2
imdb/img/2/315.jpg,2
imdb/img/2/422.jpg,2
imdb/img/2/411.jpg,2
imdb/img/2/235.jpg,2
imdb/img/2/385.jpg,2
imdb/img/2/401.jpg,2
imdb/img/2/341.jpg,2
imdb/img/2/69.jpg,2
imdb/img/2/0.jpg,2
imdb/img/2/347.jpg,2
imdb/img/2/74.jpg,2
imdb/img/2/335.jpg,2
imdb/img/2/458.jpg,2
imdb/img/2/436.jpg,2
imdb/img/2/128.jpg,2
imdb/img/2/229.jpg,2
imdb/img/2/447.jpg,2
imdb/img/2/488.jpg,2
imdb/img/2/152.jpg,2
imdb/img/2/181.jpg,2
imdb/img/2/467.jpg,2
imdb/img/2/127.jpg,2
imdb/img/2/49.jpg,2
imdb/img/2/98.jpg,2
imdb/img/2/314.jpg,2
imdb/img/2/204.jpg,2
imdb/img/2/47.jpg,2
imdb/img/2/282.jpg,2
imdb/img/2/182.jpg,2
imdb/img/2/38.jpg,2
imdb/img/2/81.jpg,2
imdb/img/2/459.jpg,2
imdb/img/2/267.jpg,2
imdb/img/2/405.jpg,2
imdb/img/2/271.jpg,2
imdb/img/2/438.jpg,2
imdb/img/2/362.jpg,2
imdb/img/2/440.jpg,2
imdb/img/2/13.jpg,2
imdb/img/2/332.jpg,2
imdb/img/2/234.jpg,2
imdb/img/2/466.jpg,2
imdb/img/2/368.jpg,2
imdb/img/2/18.jpg,2
imdb/img/2/214.jpg,2
imdb/img/2/386.jpg,2
imdb/img/2/339.jpg,2
imdb/img/2/29.jpg,2
imdb/img/2/65.jpg,2
imdb/img/2/480.jpg,2
imdb/img/2/451.jpg,2
imdb/img/2/280.jpg,2
imdb/img/2/174.jpg,2
imdb/img/2/141.jpg,2
imdb/img/2/441.jpg,2
imdb/img/2/417.jpg,2
imdb/img/2/138.jpg,2
imdb/img/2/40.jpg,2
imdb/img/2/489.jpg,2
imdb/img/2/321.jpg,2
imdb/img/2/377.jpg,2
imdb/img/2/426.jpg,2
imdb/img/2/254.jpg,2
imdb/img/2/343.jpg,2
imdb/img/2/22.jpg,2
imdb/img/2/389.jpg,2
imdb/img/2/394.jpg,2
imdb/img/2/439.jpg,2
imdb/img/2/406.jpg,2
imdb/img/2/404.jpg,2
imdb/img/2/462.jpg,2
imdb/img/2/230.jpg,2
imdb/img/2/364.jpg,2
imdb/img/2/437.jpg,2
imdb/img/2/133.jpg,2
imdb/img/2/378.jpg,2
imdb/img/2/415.jpg,2
imdb/img/2/346.jpg,2
imdb/img/2/445.jpg,2
imdb/img/2/53.jpg,2
imdb/img/2/150.jpg,2
imdb/img/2/237.jpg,2
imdb/img/2/300.jpg,2
imdb/img/2/320.jpg,2
imdb/img/2/442.jpg,2
imdb/img/2/457.jpg,2
imdb/img/2/177.jpg,2
imdb/img/2/326.jpg,2
imdb/img/2/170.jpg,2
imdb/img/2/420.jpg,2
imdb/img/2/71.jpg,2
imdb/img/2/297.jpg,2
imdb/img/2/56.jpg,2
imdb/img/2/1.jpg,2
imdb/img/2/450.jpg,2
imdb/img/2/374.jpg,2
imdb/img/2/106.jpg,2
imdb/img/2/243.jpg,2
imdb/img/2/172.jpg,2
imdb/img/2/352.jpg,2
imdb/img/2/130.jpg,2
imdb/img/2/477.jpg,2
imdb/img/2/351.jpg,2
imdb/img/2/111.jpg,2
imdb/img/2/203.jpg,2
imdb/img/2/16.jpg,2
imdb/img/2/307.jpg,2
imdb/img/2/344.jpg,2
imdb/img/2/333.jpg,2
imdb/img/2/155.jpg,2
imdb/img/2/28.jpg,2
imdb/img/2/338.jpg,2
imdb/img/2/232.jpg,2
imdb/img/2/317.jpg,2
imdb/img/2/298.jpg,2
imdb/img/2/245.jpg,2
imdb/img/2/162.jpg,2
imdb/img/2/485.jpg,2
imdb/img/2/242.jpg,2
imdb/img/2/356.jpg,2
imdb/img/2/327.jpg,2
imdb/img/2/103.jpg,2
imdb/img/2/291.jpg,2
imdb/img/2/433.jpg,2
imdb/img/2/85.jpg,2
imdb/img/2/121.jpg,2
imdb/img/2/80.jpg,2
imdb/img/2/304.jpg,2
imdb/img/2/293.jpg,2
imdb/img/2/97.jpg,2
imdb/img/2/231.jpg,2
imdb/img/2/268.jpg,2
imdb/img/2/375.jpg,2
imdb/img/2/25.jpg,2
imdb/img/2/358.jpg,2
imdb/img/2/306.jpg,2
imdb/img/2/381.jpg,2
imdb/img/2/360.jpg,2
imdb/img/2/443.jpg,2
imdb/img/2/469.jpg,2
imdb/img/2/407.jpg,2
imdb/img/2/178.jpg,2
imdb/img/2/68.jpg,2
imdb/img/2/491.jpg,2
imdb/img/2/143.jpg,2
imdb/img/2/310.jpg,2
imdb/img/2/342.jpg,2
imdb/img/2/43.jpg,2
imdb/img/2/78.jpg,2
imdb/img/2/330.jpg,2
imdb/img/2/180.jpg,2
imdb/img/2/395.jpg,2
imdb/img/2/147.jpg,2
imdb/img/2/35.jpg,2
imdb/img/2/191.jpg,2
imdb/img/2/244.jpg,2
imdb/img/2/248.jpg,2
imdb/img/2/270.jpg,2
imdb/img/2/410.jpg,2
imdb/img/2/461.jpg,2
imdb/img/2/498.jpg,2
imdb/img/2/292.jpg,2
imdb/img/2/323.jpg,2
imdb/img/2/318.jpg,2
imdb/img/2/369.jpg,2
imdb/img/2/324.jpg,2
imdb/img/2/372.jpg,2
imdb/img/2/101.jpg,2
imdb/img/2/208.jpg,2
imdb/img/2/251.jpg,2
imdb/img/2/367.jpg,2
imdb/img/2/166.jpg,2
imdb/img/2/66.jpg,2
imdb/img/2/240.jpg,2
imdb/img/2/494.jpg,2
imdb/img/2/331.jpg,2
imdb/img/2/27.jpg,2
imdb/img/2/116.jpg,2
imdb/img/2/413.jpg,2
imdb/img/2/475.jpg,2
imdb/img/2/431.jpg,2
imdb/img/2/11.jpg,2
imdb/img/2/158.jpg,2
imdb/img/2/448.jpg,2
imdb/img/2/146.jpg,2
imdb/img/2/210.jpg,2
imdb/img/2/169.jpg,2
imdb/img/2/446.jpg,2
imdb/img/2/402.jpg,2
imdb/img/2/476.jpg,2
imdb/img/2/171.jpg,2
imdb/img/2/295.jpg,2
imdb/img/2/495.jpg,2
imdb/img/2/4.jpg,2
imdb/img/2/217.jpg,2
imdb/img/2/423.jpg,2
imdb/img/2/273.jpg,2
imdb/img/2/3.jpg,2
imdb/img/2/370.jpg,2
imdb/img/2/497.jpg,2
imdb/img/2/79.jpg,2
imdb/img/2/76.jpg,2
imdb/img/2/216.jpg,2
imdb/img/2/126.jpg,2
imdb/img/2/24.jpg,2
imdb/img/2/104.jpg,2
imdb/img/2/176.jpg,2
imdb/img/2/474.jpg,2
imdb/img/2/197.jpg,2
imdb/img/2/328.jpg,2
imdb/img/2/114.jpg,2
imdb/img/2/354.jpg,2
imdb/img/2/277.jpg,2
imdb/img/2/219.jpg,2
imdb/img/2/387.jpg,2
imdb/img/2/224.jpg,2
imdb/img/2/340.jpg,2
imdb/img/2/83.jpg,2
imdb/img/2/151.jpg,2
imdb/img/2/17.jpg,2
imdb/img/2/136.jpg,2
imdb/img/2/220.jpg,2
imdb/img/2/125.jpg,2
imdb/img/2/115.jpg,2
imdb/img/2/483.jpg,2
imdb/img/2/60.jpg,2
imdb/img/2/453.jpg,2
imdb/img/2/206.jpg,2
imdb/img/2/92.jpg,2
imdb/img/2/205.jpg,2
imdb/img/2/132.jpg,2
imdb/img/2/207.jpg,2
imdb/img/2/94.jpg,2
imdb/img/2/64.jpg,2
imdb/img/2/46.jpg,2
imdb/img/2/299.jpg,2
imdb/img/2/108.jpg,2
imdb/img/2/319.jpg,2
imdb/img/2/5.jpg,2
imdb/img/2/336.jpg,2
imdb/img/2/39.jpg,2
imdb/img/2/90.jpg,2
imdb/img/2/399.jpg,2
imdb/img/2/91.jpg,2
imdb/img/2/429.jpg,2
imdb/img/2/258.jpg,2
imdb/img/2/215.jpg,2
imdb/img/2/464.jpg,2
imdb/img/2/478.jpg,2
imdb/img/2/416.jpg,2
imdb/img/2/325.jpg,2
imdb/img/2/50.jpg,2
imdb/img/2/202.jpg,2
imdb/img/2/322.jpg,2
imdb/img/2/184.jpg,2
imdb/img/2/434.jpg,2
imdb/img/2/296.jpg,2
imdb/img/2/157.jpg,2
imdb/img/2/454.jpg,2
imdb/img/2/349.jpg,2
imdb/img/2/357.jpg,2
imdb/img/2/355.jpg,2
imdb/img/2/481.jpg,2
imdb/img/2/484.jpg,2
imdb/img/2/96.jpg,2
imdb/img/2/48.jpg,2
imdb/img/2/31.jpg,2
imdb/img/2/139.jpg,2
imdb/img/2/199.jpg,2
imdb/img/2/255.jpg,2
imdb/img/2/490.jpg,2
imdb/img/2/274.jpg,2
imdb/img/2/14.jpg,2
imdb/img/2/238.jpg,2
imdb/img/2/173.jpg,2
imdb/img/2/472.jpg,2
imdb/img/2/36.jpg,2
imdb/img/2/93.jpg,2
imdb/img/2/261.jpg,2
imdb/img/2/419.jpg,2
imdb/img/2/308.jpg,2
imdb/img/2/412.jpg,2
imdb/img/2/250.jpg,2
imdb/img/2/30.jpg,2
imdb/img/2/285.jpg,2
imdb/img/2/272.jpg,2
imdb/img/2/6.jpg,2
imdb/img/2/366.jpg,2
imdb/img/2/7.jpg,2
imdb/img/2/225.jpg,2
imdb/img/2/313.jpg,2
imdb/img/2/390.jpg,2
imdb/img/2/239.jpg,2
imdb/img/2/246.jpg,2
imdb/img/2/2.jpg,2
imdb/img/2/73.jpg,2
imdb/img/2/492.jpg,2
imdb/img/2/383.jpg,2
imdb/img/2/284.jpg,2
imdb/img/2/252.jpg,2
imdb/img/2/213.jpg,2
imdb/img/2/51.jpg,2
imdb/img/2/455.jpg,2
imdb/img/2/479.jpg,2
imdb/img/2/57.jpg,2
imdb/img/2/145.jpg,2
imdb/img/2/110.jpg,2
imdb/img/2/471.jpg,2
imdb/img/2/269.jpg,2
imdb/img/2/84.jpg,2
imdb/img/2/34.jpg,2
imdb/img/2/259.jpg,2
imdb/img/2/276.jpg,2
imdb/img/2/311.jpg,2
imdb/img/2/200.jpg,2
imdb/img/2/286.jpg,2
imdb/img/2/288.jpg,2
imdb/img/2/153.jpg,2
imdb/img/2/95.jpg,2
imdb/img/2/444.jpg,2
imdb/img/2/380.jpg,2
imdb/img/2/222.jpg,2
imdb/img/2/45.jpg,2
imdb/img/2/309.jpg,2
imdb/img/2/161.jpg,2
imdb/img/2/424.jpg,2
imdb/img/2/305.jpg,2
imdb/img/2/388.jpg,2
imdb/img/2/70.jpg,2
imdb/img/2/257.jpg,2
imdb/img/2/256.jpg,2
imdb/img/2/452.jpg,2
imdb/img/1/473.jpg,1
imdb/img/1/301.jpg,1
imdb/img/1/487.jpg,1
imdb/img/1/400.jpg,1
imdb/img/1/148.jpg,1
imdb/img/1/15.jpg,1
imdb/img/1/345.jpg,1
imdb/img/1/211.jpg,1
imdb/img/1/376.jpg,1
imdb/img/1/168.jpg,1
imdb/img/1/421.jpg,1
imdb/img/1/289.jpg,1
imdb/img/1/167.jpg,1
imdb/img/1/428.jpg,1
imdb/img/1/408.jpg,1
imdb/img/1/493.jpg,1
imdb/img/1/371.jpg,1
imdb/img/1/427.jpg,1
imdb/img/1/393.jpg,1
imdb/img/1/165.jpg,1
imdb/img/1/361.jpg,1
imdb/img/1/223.jpg,1
imdb/img/1/218.jpg,1
imdb/img/1/54.jpg,1
imdb/img/1/9.jpg,1
imdb/img/1/303.jpg,1
imdb/img/1/122.jpg,1
imdb/img/1/189.jpg,1
imdb/img/1/233.jpg,1
imdb/img/1/52.jpg,1
imdb/img/1/188.jpg,1
imdb/img/1/198.jpg,1
imdb/img/1/142.jpg,1
imdb/img/1/363.jpg,1
imdb/img/1/227.jpg,1
imdb/img/1/465.jpg,1
imdb/img/1/19.jpg,1
imdb/img/1/156.jpg,1
imdb/img/1/109.jpg,1
imdb/img/1/77.jpg,1
imdb/img/1/226.jpg,1
imdb/img/1/195.jpg,1
imdb/img/1/62.jpg,1
imdb/img/1/186.jpg,1
imdb/img/1/266.jpg,1
imdb/img/1/278.jpg,1
imdb/img/1/312.jpg,1
imdb/img/1/302.jpg,1
imdb/img/1/55.jpg,1
imdb/img/1/470.jpg,1
imdb/img/1/496.jpg,1
imdb/img/1/129.jpg,1
imdb/img/1/221.jpg,1
imdb/img/1/88.jpg,1
imdb/img/1/365.jpg,1
imdb/img/1/32.jpg,1
imdb/img/1/33.jpg,1
imdb/img/1/334.jpg,1
imdb/img/1/102.jpg,1
imdb/img/1/10.jpg,1
imdb/img/1/100.jpg,1
imdb/img/1/154.jpg,1
imdb/img/1/41.jpg,1
imdb/img/1/350.jpg,1
imdb/img/1/236.jpg,1
imdb/img/1/112.jpg,1
imdb/img/1/359.jpg,1
imdb/img/1/499.jpg,1
imdb/img/1/194.jpg,1
imdb/img/1/482.jpg,1
imdb/img/1/430.jpg,1
imdb/img/1/449.jpg,1
imdb/img/1/107.jpg,1
imdb/img/1/463.jpg,1
imdb/img/1/201.jpg,1
imdb/img/1/241.jpg,1
imdb/img/1/160.jpg,1
imdb/img/1/89.jpg,1
imdb/img/1/44.jpg,1
imdb/img/1/264.jpg,1
imdb/img/1/134.jpg,1
imdb/img/1/20.jpg,1
imdb/img/1/486.jpg,1
imdb/img/1/149.jpg,1
imdb/img/1/209.jpg,1
imdb/img/1/99.jpg,1
imdb/img/1/265.jpg,1
imdb/img/1/175.jpg,1
imdb/img/1/456.jpg,1
imdb/img/1/396.jpg,1
imdb/img/1/113.jpg,1
imdb/img/1/26.jpg,1
imdb/img/1/63.jpg,1
imdb/img/1/137.jpg,1
imdb/img/1/12.jpg,1
imdb/img/1/131.jpg,1
imdb/img/1/179.jpg,1
imdb/img/1/294.jpg,1
imdb/img/1/42.jpg,1
imdb/img/1/316.jpg,1
imdb/img/1/196.jpg,1
imdb/img/1/67.jpg,1
imdb/img/1/144.jpg,1
imdb/img/1/414.jpg,1
imdb/img/1/140.jpg,1
imdb/img/1/263.jpg,1
imdb/img/1/379.jpg,1
imdb/img/1/435.jpg,1
imdb/img/1/392.jpg,1
imdb/img/1/287.jpg,1
imdb/img/1/260.jpg,1
imdb/img/1/391.jpg,1
imdb/img/1/135.jpg,1
imdb/img/1/183.jpg,1
imdb/img/1/468.jpg,1
imdb/img/1/212.jpg,1
imdb/img/1/253.jpg,1
imdb/img/1/290.jpg,1
imdb/img/1/315.jpg,1
imdb/img/1/422.jpg,1
imdb/img/1/411.jpg,1
imdb/img/1/235.jpg,1
imdb/img/1/385.jpg,1
imdb/img/1/401.jpg,1
imdb/img/1/341.jpg,1
imdb/img/1/69.jpg,1
imdb/img/1/0.jpg,1
imdb/img/1/347.jpg,1
imdb/img/1/74.jpg,1
imdb/img/1/335.jpg,1
imdb/img/1/458.jpg,1
imdb/img/1/436.jpg,1
imdb/img/1/128.jpg,1
imdb/img/1/229.jpg,1
imdb/img/1/447.jpg,1
imdb/img/1/488.jpg,1
imdb/img/1/152.jpg,1
imdb/img/1/181.jpg,1
imdb/img/1/467.jpg,1
imdb/img/1/127.jpg,1
imdb/img/1/49.jpg,1
imdb/img/1/98.jpg,1
imdb/img/1/314.jpg,1
imdb/img/1/204.jpg,1
imdb/img/1/47.jpg,1
imdb/img/1/282.jpg,1
imdb/img/1/182.jpg,1
imdb/img/1/38.jpg,1
imdb/img/1/81.jpg,1
imdb/img/1/459.jpg,1
imdb/img/1/267.jpg,1
imdb/img/1/405.jpg,1
imdb/img/1/271.jpg,1
imdb/img/1/438.jpg,1
imdb/img/1/362.jpg,1
imdb/img/1/440.jpg,1
imdb/img/1/13.jpg,1
imdb/img/1/332.jpg,1
imdb/img/1/234.jpg,1
imdb/img/1/466.jpg,1
imdb/img/1/368.jpg,1
imdb/img/1/18.jpg,1
imdb/img/1/214.jpg,1
imdb/img/1/386.jpg,1
imdb/img/1/339.jpg,1
imdb/img/1/29.jpg,1
imdb/img/1/65.jpg,1
imdb/img/1/480.jpg,1
imdb/img/1/451.jpg,1
imdb/img/1/280.jpg,1
imdb/img/1/174.jpg,1
imdb/img/1/141.jpg,1
imdb/img/1/441.jpg,1
imdb/img/1/417.jpg,1
imdb/img/1/138.jpg,1
imdb/img/1/40.jpg,1
imdb/img/1/489.jpg,1
imdb/img/1/321.jpg,1
imdb/img/1/377.jpg,1
imdb/img/1/426.jpg,1
imdb/img/1/254.jpg,1
imdb/img/1/343.jpg,1
imdb/img/1/22.jpg,1
imdb/img/1/389.jpg,1
imdb/img/1/394.jpg,1
imdb/img/1/439.jpg,1
imdb/img/1/406.jpg,1
imdb/img/1/404.jpg,1
imdb/img/1/462.jpg,1
imdb/img/1/230.jpg,1
imdb/img/1/364.jpg,1
imdb/img/1/437.jpg,1
imdb/img/1/133.jpg,1
imdb/img/1/378.jpg,1
imdb/img/1/415.jpg,1
imdb/img/1/346.jpg,1
imdb/img/1/445.jpg,1
imdb/img/1/53.jpg,1
imdb/img/1/150.jpg,1
imdb/img/1/237.jpg,1
imdb/img/1/300.jpg,1
imdb/img/1/320.jpg,1
imdb/img/1/442.jpg,1
imdb/img/1/457.jpg,1
imdb/img/1/177.jpg,1
imdb/img/1/326.jpg,1
imdb/img/1/170.jpg,1
imdb/img/1/420.jpg,1
imdb/img/1/71.jpg,1
imdb/img/1/297.jpg,1
imdb/img/1/56.jpg,1
imdb/img/1/1.jpg,1
imdb/img/1/450.jpg,1
imdb/img/1/374.jpg,1
imdb/img/1/106.jpg,1
imdb/img/1/243.jpg,1
imdb/img/1/172.jpg,1
imdb/img/1/352.jpg,1
imdb/img/1/130.jpg,1
imdb/img/1/477.jpg,1
imdb/img/1/351.jpg,1
imdb/img/1/111.jpg,1
imdb/img/1/203.jpg,1
imdb/img/1/16.jpg,1
imdb/img/1/307.jpg,1
imdb/img/1/344.jpg,1
imdb/img/1/333.jpg,1
imdb/img/1/155.jpg,1
imdb/img/1/28.jpg,1
imdb/img/1/338.jpg,1
imdb/img/1/232.jpg,1
imdb/img/1/317.jpg,1
imdb/img/1/298.jpg,1
imdb/img/1/245.jpg,1
imdb/img/1/162.jpg,1
imdb/img/1/485.jpg,1
imdb/img/1/242.jpg,1
imdb/img/1/356.jpg,1
imdb/img/1/327.jpg,1
imdb/img/1/103.jpg,1
imdb/img/1/291.jpg,1
imdb/img/1/433.jpg,1
imdb/img/1/85.jpg,1
imdb/img/1/121.jpg,1
imdb/img/1/80.jpg,1
imdb/img/1/304.jpg,1
imdb/img/1/293.jpg,1
imdb/img/1/97.jpg,1
imdb/img/1/231.jpg,1
imdb/img/1/268.jpg,1
imdb/img/1/375.jpg,1
imdb/img/1/25.jpg,1
imdb/img/1/358.jpg,1
imdb/img/1/306.jpg,1
imdb/img/1/381.jpg,1
imdb/img/1/360.jpg,1
imdb/img/1/443.jpg,1
imdb/img/1/469.jpg,1
imdb/img/1/407.jpg,1
imdb/img/1/178.jpg,1
imdb/img/1/68.jpg,1
imdb/img/1/491.jpg,1
imdb/img/1/143.jpg,1
imdb/img/1/310.jpg,1
imdb/img/1/342.jpg,1
imdb/img/1/43.jpg,1
imdb/img/1/78.jpg,1
imdb/img/1/330.jpg,1
imdb/img/1/180.jpg,1
imdb/img/1/395.jpg,1
imdb/img/1/147.jpg,1
imdb/img/1/35.jpg,1
imdb/img/1/191.jpg,1
imdb/img/1/244.jpg,1
imdb/img/1/248.jpg,1
imdb/img/1/270.jpg,1
imdb/img/1/410.jpg,1
imdb/img/1/461.jpg,1
imdb/img/1/498.jpg,1
imdb/img/1/292.jpg,1
imdb/img/1/323.jpg,1
imdb/img/1/318.jpg,1
imdb/img/1/369.jpg,1
imdb/img/1/324.jpg,1
imdb/img/1/372.jpg,1
imdb/img/1/101.jpg,1
imdb/img/1/208.jpg,1
imdb/img/1/251.jpg,1
imdb/img/1/367.jpg,1
imdb/img/1/166.jpg,1
imdb/img/1/66.jpg,1
imdb/img/1/240.jpg,1
imdb/img/1/494.jpg,1
imdb/img/1/331.jpg,1
imdb/img/1/27.jpg,1
imdb/img/1/116.jpg,1
imdb/img/1/413.jpg,1
imdb/img/1/475.jpg,1
imdb/img/1/431.jpg,1
imdb/img/1/11.jpg,1
imdb/img/1/158.jpg,1
imdb/img/1/448.jpg,1
imdb/img/1/146.jpg,1
imdb/img/1/210.jpg,1
imdb/img/1/169.jpg,1
imdb/img/1/446.jpg,1
imdb/img/1/402.jpg,1
imdb/img/1/476.jpg,1
imdb/img/1/171.jpg,1
imdb/img/1/295.jpg,1
imdb/img/1/495.jpg,1
imdb/img/1/4.jpg,1
imdb/img/1/217.jpg,1
imdb/img/1/423.jpg,1
imdb/img/1/273.jpg,1
imdb/img/1/3.jpg,1
imdb/img/1/370.jpg,1
imdb/img/1/497.jpg,1
imdb/img/1/79.jpg,1
imdb/img/1/76.jpg,1
imdb/img/1/216.jpg,1
imdb/img/1/126.jpg,1
imdb/img/1/24.jpg,1
imdb/img/1/104.jpg,1
imdb/img/1/176.jpg,1
imdb/img/1/474.jpg,1
imdb/img/1/197.jpg,1
imdb/img/1/328.jpg,1
imdb/img/1/114.jpg,1
imdb/img/1/354.jpg,1
imdb/img/1/277.jpg,1
imdb/img/1/219.jpg,1
imdb/img/1/387.jpg,1
imdb/img/1/224.jpg,1
imdb/img/1/340.jpg,1
imdb/img/1/83.jpg,1
imdb/img/1/151.jpg,1
imdb/img/1/17.jpg,1
imdb/img/1/136.jpg,1
imdb/img/1/220.jpg,1
imdb/img/1/125.jpg,1
imdb/img/1/115.jpg,1
imdb/img/1/483.jpg,1
imdb/img/1/60.jpg,1
imdb/img/1/453.jpg,1
imdb/img/1/206.jpg,1
imdb/img/1/92.jpg,1
imdb/img/1/205.jpg,1
imdb/img/1/132.jpg,1
imdb/img/1/207.jpg,1
imdb/img/1/94.jpg,1
imdb/img/1/64.jpg,1
imdb/img/1/46.jpg,1
imdb/img/1/299.jpg,1
imdb/img/1/108.jpg,1
imdb/img/1/319.jpg,1
imdb/img/1/5.jpg,1
imdb/img/1/336.jpg,1
imdb/img/1/39.jpg,1
imdb/img/1/90.jpg,1
imdb/img/1/399.jpg,1
imdb/img/1/91.jpg,1
imdb/img/1/429.jpg,1
imdb/img/1/258.jpg,1
imdb/img/1/215.jpg,1
imdb/img/1/464.jpg,1
imdb/img/1/478.jpg,1
imdb/img/1/416.jpg,1
imdb/img/1/325.jpg,1
imdb/img/1/50.jpg,1
imdb/img/1/202.jpg,1
imdb/img/1/322.jpg,1
imdb/img/1/184.jpg,1
imdb/img/1/434.jpg,1
imdb/img/1/296.jpg,1
imdb/img/1/157.jpg,1
imdb/img/1/454.jpg,1
imdb/img/1/349.jpg,1
imdb/img/1/357.jpg,1
imdb/img/1/355.jpg,1
imdb/img/1/481.jpg,1
imdb/img/1/484.jpg,1
imdb/img/1/96.jpg,1
imdb/img/1/48.jpg,1
imdb/img/1/31.jpg,1
imdb/img/1/139.jpg,1
imdb/img/1/199.jpg,1
imdb/img/1/255.jpg,1
imdb/img/1/490.jpg,1
imdb/img/1/274.jpg,1
imdb/img/1/14.jpg,1
imdb/img/1/238.jpg,1
imdb/img/1/173.jpg,1
imdb/img/1/472.jpg,1
imdb/img/1/36.jpg,1
imdb/img/1/93.jpg,1
imdb/img/1/261.jpg,1
imdb/img/1/419.jpg,1
imdb/img/1/308.jpg,1
imdb/img/1/412.jpg,1
imdb/img/1/250.jpg,1
imdb/img/1/30.jpg,1
imdb/img/1/285.jpg,1
imdb/img/1/272.jpg,1
imdb/img/1/6.jpg,1
imdb/img/1/366.jpg,1
imdb/img/1/7.jpg,1
imdb/img/1/225.jpg,1
imdb/img/1/313.jpg,1
imdb/img/1/390.jpg,1
imdb/img/1/239.jpg,1
imdb/img/1/246.jpg,1
imdb/img/1/2.jpg,1
imdb/img/1/73.jpg,1
imdb/img/1/492.jpg,1
imdb/img/1/383.jpg,1
imdb/img/1/284.jpg,1
imdb/img/1/252.jpg,1
imdb/img/1/213.jpg,1
imdb/img/1/51.jpg,1
imdb/img/1/455.jpg,1
imdb/img/1/479.jpg,1
imdb/img/1/57.jpg,1
imdb/img/1/145.jpg,1
imdb/img/1/110.jpg,1
imdb/img/1/471.jpg,1
imdb/img/1/269.jpg,1
imdb/img/1/84.jpg,1
imdb/img/1/34.jpg,1
imdb/img/1/259.jpg,1
imdb/img/1/276.jpg,1
imdb/img/1/311.jpg,1
imdb/img/1/200.jpg,1
imdb/img/1/286.jpg,1
imdb/img/1/288.jpg,1
imdb/img/1/153.jpg,1
imdb/img/1/95.jpg,1
imdb/img/1/444.jpg,1
imdb/img/1/380.jpg,1
imdb/img/1/222.jpg,1
imdb/img/1/45.jpg,1
imdb/img/1/309.jpg,1
imdb/img/1/161.jpg,1
imdb/img/1/424.jpg,1
imdb/img/1/305.jpg,1
imdb/img/1/388.jpg,1
imdb/img/1/70.jpg,1
imdb/img/1/257.jpg,1
imdb/img/1/256.jpg,1
imdb/img/1/452.jpg,1
imdb/img/0/473.jpg,0
imdb/img/0/301.jpg,0
imdb/img/0/487.jpg,0
imdb/img/0/400.jpg,0
imdb/img/0/148.jpg,0
imdb/img/0/15.jpg,0
imdb/img/0/345.jpg,0
imdb/img/0/211.jpg,0
imdb/img/0/376.jpg,0
imdb/img/0/168.jpg,0
imdb/img/0/421.jpg,0
imdb/img/0/289.jpg,0
imdb/img/0/167.jpg,0
imdb/img/0/428.jpg,0
imdb/img/0/408.jpg,0
imdb/img/0/493.jpg,0
imdb/img/0/371.jpg,0
imdb/img/0/427.jpg,0
imdb/img/0/393.jpg,0
imdb/img/0/165.jpg,0
imdb/img/0/361.jpg,0
imdb/img/0/223.jpg,0
imdb/img/0/218.jpg,0
imdb/img/0/54.jpg,0
imdb/img/0/9.jpg,0
imdb/img/0/303.jpg,0
imdb/img/0/122.jpg,0
imdb/img/0/189.jpg,0
imdb/img/0/233.jpg,0
imdb/img/0/52.jpg,0
imdb/img/0/188.jpg,0
imdb/img/0/198.jpg,0
imdb/img/0/142.jpg,0
imdb/img/0/363.jpg,0
imdb/img/0/227.jpg,0
imdb/img/0/465.jpg,0
imdb/img/0/19.jpg,0
imdb/img/0/156.jpg,0
imdb/img/0/109.jpg,0
imdb/img/0/77.jpg,0
imdb/img/0/226.jpg,0
imdb/img/0/195.jpg,0
imdb/img/0/62.jpg,0
imdb/img/0/186.jpg,0
imdb/img/0/266.jpg,0
imdb/img/0/278.jpg,0
imdb/img/0/312.jpg,0
imdb/img/0/302.jpg,0
imdb/img/0/55.jpg,0
imdb/img/0/470.jpg,0
imdb/img/0/496.jpg,0
imdb/img/0/129.jpg,0
imdb/img/0/221.jpg,0
imdb/img/0/88.jpg,0
imdb/img/0/365.jpg,0
imdb/img/0/32.jpg,0
imdb/img/0/33.jpg,0
imdb/img/0/334.jpg,0
imdb/img/0/102.jpg,0
imdb/img/0/10.jpg,0
imdb/img/0/100.jpg,0
imdb/img/0/154.jpg,0
imdb/img/0/41.jpg,0
imdb/img/0/350.jpg,0
imdb/img/0/236.jpg,0
imdb/img/0/112.jpg,0
imdb/img/0/359.jpg,0
imdb/img/0/499.jpg,0
imdb/img/0/194.jpg,0
imdb/img/0/482.jpg,0
imdb/img/0/430.jpg,0
imdb/img/0/449.jpg,0
imdb/img/0/107.jpg,0
imdb/img/0/463.jpg,0
imdb/img/0/201.jpg,0
imdb/img/0/241.jpg,0
imdb/img/0/160.jpg,0
imdb/img/0/89.jpg,0
imdb/img/0/44.jpg,0
imdb/img/0/264.jpg,0
imdb/img/0/134.jpg,0
imdb/img/0/20.jpg,0
imdb/img/0/486.jpg,0
imdb/img/0/149.jpg,0
imdb/img/0/209.jpg,0
imdb/img/0/99.jpg,0
imdb/img/0/265.jpg,0
imdb/img/0/175.jpg,0
imdb/img/0/456.jpg,0
imdb/img/0/396.jpg,0
imdb/img/0/113.jpg,0
imdb/img/0/26.jpg,0
imdb/img/0/63.jpg,0
imdb/img/0/137.jpg,0
imdb/img/0/12.jpg,0
imdb/img/0/131.jpg,0
imdb/img/0/179.jpg,0
imdb/img/0/294.jpg,0
imdb/img/0/42.jpg,0
imdb/img/0/316.jpg,0
imdb/img/0/196.jpg,0
imdb/img/0/67.jpg,0
imdb/img/0/144.jpg,0
imdb/img/0/414.jpg,0
imdb/img/0/140.jpg,0
imdb/img/0/263.jpg,0
imdb/img/0/379.jpg,0
imdb/img/0/435.jpg,0
imdb/img/0/392.jpg,0
imdb/img/0/287.jpg,0
imdb/img/0/260.jpg,0
imdb/img/0/391.jpg,0
imdb/img/0/135.jpg,0
imdb/img/0/183.jpg,0
imdb/img/0/468.jpg,0
imdb/img/0/212.jpg,0
imdb/img/0/253.jpg,0
imdb/img/0/290.jpg,0
imdb/img/0/315.jpg,0
imdb/img/0/422.jpg,0
imdb/img/0/411.jpg,0
imdb/img/0/235.jpg,0
imdb/img/0/385.jpg,0
imdb/img/0/401.jpg,0
imdb/img/0/341.jpg,0
imdb/img/0/69.jpg,0
imdb/img/0/0.jpg,0
imdb/img/0/347.jpg,0
imdb/img/0/74.jpg,0
imdb/img/0/335.jpg,0
imdb/img/0/458.jpg,0
imdb/img/0/436.jpg,0
imdb/img/0/128.jpg,0
imdb/img/0/229.jpg,0
imdb/img/0/447.jpg,0
imdb/img/0/488.jpg,0
imdb/img/0/152.jpg,0
imdb/img/0/181.jpg,0
imdb/img/0/467.jpg,0
imdb/img/0/127.jpg,0
imdb/img/0/49.jpg,0
imdb/img/0/98.jpg,0
imdb/img/0/314.jpg,0
imdb/img/0/204.jpg,0
imdb/img/0/47.jpg,0
imdb/img/0/282.jpg,0
imdb/img/0/182.jpg,0
imdb/img/0/38.jpg,0
imdb/img/0/81.jpg,0
imdb/img/0/459.jpg,0
imdb/img/0/267.jpg,0
imdb/img/0/405.jpg,0
imdb/img/0/271.jpg,0
imdb/img/0/438.jpg,0
imdb/img/0/362.jpg,0
imdb/img/0/440.jpg,0
imdb/img/0/13.jpg,0
imdb/img/0/332.jpg,0
imdb/img/0/234.jpg,0
imdb/img/0/466.jpg,0
imdb/img/0/368.jpg,0
imdb/img/0/18.jpg,0
imdb/img/0/214.jpg,0
imdb/img/0/386.jpg,0
imdb/img/0/339.jpg,0
imdb/img/0/29.jpg,0
imdb/img/0/65.jpg,0
imdb/img/0/480.jpg,0
imdb/img/0/451.jpg,0
imdb/img/0/280.jpg,0
imdb/img/0/174.jpg,0
imdb/img/0/141.jpg,0
imdb/img/0/441.jpg,0
imdb/img/0/417.jpg,0
imdb/img/0/138.jpg,0
imdb/img/0/40.jpg,0
imdb/img/0/489.jpg,0
imdb/img/0/321.jpg,0
imdb/img/0/377.jpg,0
imdb/img/0/426.jpg,0
imdb/img/0/254.jpg,0
imdb/img/0/343.jpg,0
imdb/img/0/22.jpg,0
imdb/img/0/389.jpg,0
imdb/img/0/394.jpg,0
imdb/img/0/439.jpg,0
imdb/img/0/406.jpg,0
imdb/img/0/404.jpg,0
imdb/img/0/462.jpg,0
imdb/img/0/230.jpg,0
imdb/img/0/364.jpg,0
imdb/img/0/437.jpg,0
imdb/img/0/133.jpg,0
imdb/img/0/378.jpg,0
imdb/img/0/415.jpg,0
imdb/img/0/346.jpg,0
imdb/img/0/445.jpg,0
imdb/img/0/53.jpg,0
imdb/img/0/150.jpg,0
imdb/img/0/237.jpg,0
imdb/img/0/300.jpg,0
imdb/img/0/320.jpg,0
imdb/img/0/442.jpg,0
imdb/img/0/457.jpg,0
imdb/img/0/177.jpg,0
imdb/img/0/326.jpg,0
imdb/img/0/170.jpg,0
imdb/img/0/420.jpg,0
imdb/img/0/71.jpg,0
imdb/img/0/297.jpg,0
imdb/img/0/56.jpg,0
imdb/img/0/1.jpg,0
imdb/img/0/450.jpg,0
imdb/img/0/374.jpg,0
imdb/img/0/106.jpg,0
imdb/img/0/243.jpg,0
imdb/img/0/172.jpg,0
imdb/img/0/352.jpg,0
imdb/img/0/130.jpg,0
imdb/img/0/477.jpg,0
imdb/img/0/351.jpg,0
imdb/img/0/111.jpg,0
imdb/img/0/203.jpg,0
imdb/img/0/16.jpg,0
imdb/img/0/307.jpg,0
imdb/img/0/344.jpg,0
imdb/img/0/333.jpg,0
imdb/img/0/155.jpg,0
imdb/img/0/28.jpg,0
imdb/img/0/338.jpg,0
imdb/img/0/232.jpg,0
imdb/img/0/317.jpg,0
imdb/img/0/298.jpg,0
imdb/img/0/245.jpg,0
imdb/img/0/162.jpg,0
imdb/img/0/485.jpg,0
imdb/img/0/242.jpg,0
imdb/img/0/356.jpg,0
imdb/img/0/327.jpg,0
imdb/img/0/103.jpg,0
imdb/img/0/291.jpg,0
imdb/img/0/433.jpg,0
imdb/img/0/85.jpg,0
imdb/img/0/121.jpg,0
imdb/img/0/80.jpg,0
imdb/img/0/304.jpg,0
imdb/img/0/293.jpg,0
imdb/img/0/97.jpg,0
imdb/img/0/231.jpg,0
imdb/img/0/268.jpg,0
imdb/img/0/375.jpg,0
imdb/img/0/25.jpg,0
imdb/img/0/358.jpg,0
imdb/img/0/306.jpg,0
imdb/img/0/381.jpg,0
imdb/img/0/360.jpg,0
imdb/img/0/443.jpg,0
imdb/img/0/469.jpg,0
imdb/img/0/407.jpg,0
imdb/img/0/178.jpg,0
imdb/img/0/68.jpg,0
imdb/img/0/491.jpg,0
imdb/img/0/143.jpg,0
imdb/img/0/310.jpg,0
imdb/img/0/342.jpg,0
imdb/img/0/43.jpg,0
imdb/img/0/78.jpg,0
imdb/img/0/330.jpg,0
imdb/img/0/180.jpg,0
imdb/img/0/395.jpg,0
imdb/img/0/147.jpg,0
imdb/img/0/35.jpg,0
imdb/img/0/191.jpg,0
imdb/img/0/244.jpg,0
imdb/img/0/248.jpg,0
imdb/img/0/270.jpg,0
imdb/img/0/410.jpg,0
imdb/img/0/461.jpg,0
imdb/img/0/498.jpg,0
imdb/img/0/292.jpg,0
imdb/img/0/323.jpg,0
imdb/img/0/318.jpg,0
imdb/img/0/369.jpg,0
imdb/img/0/324.jpg,0
imdb/img/0/372.jpg,0
imdb/img/0/101.jpg,0
imdb/img/0/208.jpg,0
imdb/img/0/251.jpg,0
imdb/img/0/367.jpg,0
imdb/img/0/166.jpg,0
imdb/img/0/66.jpg,0
imdb/img/0/240.jpg,0
imdb/img/0/494.jpg,0
imdb/img/0/331.jpg,0
imdb/img/0/27.jpg,0
imdb/img/0/116.jpg,0
imdb/img/0/413.jpg,0
imdb/img/0/475.jpg,0
imdb/img/0/431.jpg,0
imdb/img/0/11.jpg,0
imdb/img/0/158.jpg,0
imdb/img/0/448.jpg,0
imdb/img/0/146.jpg,0
imdb/img/0/210.jpg,0
imdb/img/0/169.jpg,0
imdb/img/0/446.jpg,0
imdb/img/0/402.jpg,0
imdb/img/0/476.jpg,0
imdb/img/0/171.jpg,0
imdb/img/0/295.jpg,0
imdb/img/0/495.jpg,0
imdb/img/0/4.jpg,0
imdb/img/0/217.jpg,0
imdb/img/0/423.jpg,0
imdb/img/0/273.jpg,0
imdb/img/0/3.jpg,0
imdb/img/0/370.jpg,0
imdb/img/0/497.jpg,0
imdb/img/0/79.jpg,0
imdb/img/0/76.jpg,0
imdb/img/0/216.jpg,0
imdb/img/0/126.jpg,0
imdb/img/0/24.jpg,0
imdb/img/0/104.jpg,0
imdb/img/0/176.jpg,0
imdb/img/0/474.jpg,0
imdb/img/0/197.jpg,0
imdb/img/0/328.jpg,0
imdb/img/0/114.jpg,0
imdb/img/0/354.jpg,0
imdb/img/0/277.jpg,0
imdb/img/0/219.jpg,0
imdb/img/0/387.jpg,0
imdb/img/0/224.jpg,0
imdb/img/0/340.jpg,0
imdb/img/0/83.jpg,0
imdb/img/0/151.jpg,0
imdb/img/0/17.jpg,0
imdb/img/0/136.jpg,0
imdb/img/0/220.jpg,0
imdb/img/0/125.jpg,0
imdb/img/0/115.jpg,0
imdb/img/0/483.jpg,0
imdb/img/0/60.jpg,0
imdb/img/0/453.jpg,0
imdb/img/0/206.jpg,0
imdb/img/0/92.jpg,0
imdb/img/0/205.jpg,0
imdb/img/0/132.jpg,0
imdb/img/0/207.jpg,0
imdb/img/0/94.jpg,0
imdb/img/0/64.jpg,0
imdb/img/0/46.jpg,0
imdb/img/0/299.jpg,0
imdb/img/0/108.jpg,0
imdb/img/0/319.jpg,0
imdb/img/0/5.jpg,0
imdb/img/0/336.jpg,0
imdb/img/0/39.jpg,0
imdb/img/0/90.jpg,0
imdb/img/0/399.jpg,0
imdb/img/0/91.jpg,0
imdb/img/0/429.jpg,0
imdb/img/0/258.jpg,0
imdb/img/0/215.jpg,0
imdb/img/0/464.jpg,0
imdb/img/0/478.jpg,0
imdb/img/0/416.jpg,0
imdb/img/0/325.jpg,0
imdb/img/0/50.jpg,0
imdb/img/0/202.jpg,0
imdb/img/0/322.jpg,0
imdb/img/0/184.jpg,0
imdb/img/0/434.jpg,0
imdb/img/0/296.jpg,0
imdb/img/0/157.jpg,0
imdb/img/0/454.jpg,0
imdb/img/0/349.jpg,0
imdb/img/0/357.jpg,0
imdb/img/0/355.jpg,0
imdb/img/0/481.jpg,0
imdb/img/0/484.jpg,0
imdb/img/0/96.jpg,0
imdb/img/0/48.jpg,0
imdb/img/0/31.jpg,0
imdb/img/0/139.jpg,0
imdb/img/0/199.jpg,0
imdb/img/0/255.jpg,0
imdb/img/0/490.jpg,0
imdb/img/0/274.jpg,0
imdb/img/0/14.jpg,0
imdb/img/0/238.jpg,0
imdb/img/0/173.jpg,0
imdb/img/0/472.jpg,0
imdb/img/0/36.jpg,0
imdb/img/0/93.jpg,0
imdb/img/0/261.jpg,0
imdb/img/0/419.jpg,0
imdb/img/0/308.jpg,0
imdb/img/0/412.jpg,0
imdb/img/0/250.jpg,0
imdb/img/0/30.jpg,0
imdb/img/0/285.jpg,0
imdb/img/0/272.jpg,0
imdb/img/0/6.jpg,0
imdb/img/0/366.jpg,0
imdb/img/0/7.jpg,0
imdb/img/0/225.jpg,0
imdb/img/0/313.jpg,0
imdb/img/0/390.jpg,0
imdb/img/0/239.jpg,0
imdb/img/0/246.jpg,0
imdb/img/0/2.jpg,0
imdb/img/0/73.jpg,0
imdb/img/0/492.jpg,0
imdb/img/0/383.jpg,0
imdb/img/0/284.jpg,0
imdb/img/0/252.jpg,0
imdb/img/0/213.jpg,0
imdb/img/0/51.jpg,0
imdb/img/0/455.jpg,0
imdb/img/0/479.jpg,0
imdb/img/0/57.jpg,0
imdb/img/0/145.jpg,0
imdb/img/0/110.jpg,0
imdb/img/0/471.jpg,0
imdb/img/0/269.jpg,0
imdb/img/0/84.jpg,0
imdb/img/0/34.jpg,0
imdb/img/0/259.jpg,0
imdb/img/0/276.jpg,0
imdb/img/0/311.jpg,0
imdb/img/0/200.jpg,0
imdb/img/0/286.jpg,0
imdb/img/0/288.jpg,0
imdb/img/0/153.jpg,0
imdb/img/0/95.jpg,0
imdb/img/0/444.jpg,0
imdb/img/0/380.jpg,0
imdb/img/0/222.jpg,0
imdb/img/0/45.jpg,0
imdb/img/0/309.jpg,0
imdb/img/0/161.jpg,0
imdb/img/0/424.jpg,0
imdb/img/0/305.jpg,0
imdb/img/0/388.jpg,0
imdb/img/0/70.jpg,0
imdb/img/0/257.jpg,0
imdb/img/0/256.jpg,0
imdb/img/0/452.jpg,0
