class,image
0,DD/img/0/24.jpg
1,DD/img/1/298.jpg
0,DD/img/0/275.jpg
1,DD/img/1/295.jpg
0,DD/img/0/78.jpg
0,DD/img/0/457.jpg
1,DD/img/1/390.jpg
0,DD/img/0/612.jpg
1,DD/img/1/140.jpg
0,DD/img/0/318.jpg
0,DD/img/0/578.jpg
0,DD/img/0/652.jpg
0,DD/img/0/503.jpg
1,DD/img/1/251.jpg
0,DD/img/0/273.jpg
0,DD/img/0/571.jpg
0,DD/img/0/40.jpg
1,DD/img/1/373.jpg
0,DD/img/0/685.jpg
0,DD/img/0/477.jpg
0,DD/img/0/257.jpg
0,DD/img/0/413.jpg
1,DD/img/1/29.jpg
0,DD/img/0/222.jpg
0,DD/img/0/285.jpg
1,DD/img/1/419.jpg
0,DD/img/0/487.jpg
0,DD/img/0/561.jpg
0,DD/img/0/425.jpg
1,DD/img/1/465.jpg
0,DD/img/0/136.jpg
0,DD/img/0/219.jpg
0,DD/img/0/57.jpg
0,DD/img/0/417.jpg
0,DD/img/0/342.jpg
1,DD/img/1/443.jpg
1,DD/img/1/391.jpg
1,DD/img/1/418.jpg
0,DD/img/0/228.jpg
0,DD/img/0/619.jpg
0,DD/img/0/643.jpg
1,DD/img/1/55.jpg
1,DD/img/1/285.jpg
0,DD/img/0/436.jpg
1,DD/img/1/51.jpg
0,DD/img/0/280.jpg
0,DD/img/0/394.jpg
0,DD/img/0/659.jpg
1,DD/img/1/45.jpg
0,DD/img/0/551.jpg
1,DD/img/1/406.jpg
0,DD/img/0/132.jpg
0,DD/img/0/547.jpg
1,DD/img/1/4.jpg
0,DD/img/0/291.jpg
1,DD/img/1/136.jpg
1,DD/img/1/38.jpg
0,DD/img/0/598.jpg
0,DD/img/0/501.jpg
0,DD/img/0/641.jpg
0,DD/img/0/250.jpg
0,DD/img/0/443.jpg
0,DD/img/0/522.jpg
0,DD/img/0/513.jpg
1,DD/img/1/318.jpg
1,DD/img/1/477.jpg
1,DD/img/1/204.jpg
1,DD/img/1/69.jpg
0,DD/img/0/439.jpg
1,DD/img/1/432.jpg
0,DD/img/0/686.jpg
0,DD/img/0/56.jpg
0,DD/img/0/59.jpg
1,DD/img/1/43.jpg
1,DD/img/1/253.jpg
0,DD/img/0/412.jpg
1,DD/img/1/114.jpg
1,DD/img/1/214.jpg
1,DD/img/1/14.jpg
1,DD/img/1/34.jpg
1,DD/img/1/126.jpg
1,DD/img/1/205.jpg
1,DD/img/1/337.jpg
1,DD/img/1/30.jpg
1,DD/img/1/360.jpg
0,DD/img/0/336.jpg
0,DD/img/0/29.jpg
1,DD/img/1/289.jpg
1,DD/img/1/268.jpg
0,DD/img/0/536.jpg
1,DD/img/1/233.jpg
1,DD/img/1/304.jpg
0,DD/img/0/623.jpg
1,DD/img/1/263.jpg
0,DD/img/0/48.jpg
1,DD/img/1/12.jpg
0,DD/img/0/531.jpg
0,DD/img/0/444.jpg
0,DD/img/0/361.jpg
1,DD/img/1/293.jpg
0,DD/img/0/339.jpg
0,DD/img/0/627.jpg
0,DD/img/0/469.jpg
1,DD/img/1/354.jpg
0,DD/img/0/158.jpg
1,DD/img/1/25.jpg
1,DD/img/1/160.jpg
0,DD/img/0/139.jpg
0,DD/img/0/54.jpg
0,DD/img/0/301.jpg
0,DD/img/0/464.jpg
1,DD/img/1/161.jpg
1,DD/img/1/31.jpg
0,DD/img/0/170.jpg
0,DD/img/0/215.jpg
0,DD/img/0/122.jpg
1,DD/img/1/234.jpg
0,DD/img/0/127.jpg
1,DD/img/1/196.jpg
0,DD/img/0/227.jpg
0,DD/img/0/672.jpg
1,DD/img/1/355.jpg
1,DD/img/1/274.jpg
1,DD/img/1/0.jpg
0,DD/img/0/118.jpg
0,DD/img/0/593.jpg
1,DD/img/1/463.jpg
1,DD/img/1/129.jpg
1,DD/img/1/421.jpg
1,DD/img/1/310.jpg
0,DD/img/0/35.jpg
1,DD/img/1/83.jpg
0,DD/img/0/92.jpg
1,DD/img/1/122.jpg
1,DD/img/1/78.jpg
1,DD/img/1/40.jpg
0,DD/img/0/644.jpg
0,DD/img/0/177.jpg
0,DD/img/0/511.jpg
0,DD/img/0/124.jpg
1,DD/img/1/264.jpg
0,DD/img/0/556.jpg
0,DD/img/0/588.jpg
0,DD/img/0/97.jpg
0,DD/img/0/209.jpg
1,DD/img/1/261.jpg
0,DD/img/0/174.jpg
1,DD/img/1/226.jpg
1,DD/img/1/438.jpg
0,DD/img/0/369.jpg
0,DD/img/0/26.jpg
0,DD/img/0/474.jpg
1,DD/img/1/474.jpg
1,DD/img/1/246.jpg
1,DD/img/1/23.jpg
0,DD/img/0/398.jpg
0,DD/img/0/535.jpg
0,DD/img/0/409.jpg
1,DD/img/1/11.jpg
1,DD/img/1/336.jpg
1,DD/img/1/413.jpg
0,DD/img/0/446.jpg
0,DD/img/0/1.jpg
0,DD/img/0/81.jpg
0,DD/img/0/187.jpg
0,DD/img/0/93.jpg
0,DD/img/0/538.jpg
1,DD/img/1/27.jpg
0,DD/img/0/416.jpg
0,DD/img/0/426.jpg
1,DD/img/1/53.jpg
0,DD/img/0/359.jpg
1,DD/img/1/229.jpg
0,DD/img/0/663.jpg
1,DD/img/1/148.jpg
1,DD/img/1/76.jpg
1,DD/img/1/345.jpg
0,DD/img/0/21.jpg
0,DD/img/0/590.jpg
0,DD/img/0/671.jpg
0,DD/img/0/418.jpg
0,DD/img/0/476.jpg
1,DD/img/1/110.jpg
1,DD/img/1/24.jpg
0,DD/img/0/385.jpg
0,DD/img/0/533.jpg
0,DD/img/0/372.jpg
0,DD/img/0/112.jpg
0,DD/img/0/650.jpg
0,DD/img/0/668.jpg
0,DD/img/0/568.jpg
0,DD/img/0/196.jpg
0,DD/img/0/314.jpg
1,DD/img/1/187.jpg
1,DD/img/1/20.jpg
0,DD/img/0/91.jpg
0,DD/img/0/82.jpg
1,DD/img/1/130.jpg
0,DD/img/0/390.jpg
1,DD/img/1/483.jpg
0,DD/img/0/496.jpg
0,DD/img/0/251.jpg
0,DD/img/0/530.jpg
1,DD/img/1/446.jpg
1,DD/img/1/320.jpg
0,DD/img/0/269.jpg
1,DD/img/1/213.jpg
0,DD/img/0/178.jpg
0,DD/img/0/401.jpg
0,DD/img/0/86.jpg
0,DD/img/0/125.jpg
1,DD/img/1/387.jpg
1,DD/img/1/312.jpg
1,DD/img/1/346.jpg
0,DD/img/0/193.jpg
0,DD/img/0/388.jpg
0,DD/img/0/352.jpg
0,DD/img/0/366.jpg
0,DD/img/0/403.jpg
0,DD/img/0/497.jpg
0,DD/img/0/258.jpg
0,DD/img/0/197.jpg
0,DD/img/0/262.jpg
1,DD/img/1/167.jpg
1,DD/img/1/378.jpg
0,DD/img/0/27.jpg
0,DD/img/0/584.jpg
1,DD/img/1/467.jpg
0,DD/img/0/572.jpg
0,DD/img/0/235.jpg
1,DD/img/1/42.jpg
0,DD/img/0/460.jpg
1,DD/img/1/338.jpg
0,DD/img/0/438.jpg
1,DD/img/1/177.jpg
0,DD/img/0/355.jpg
0,DD/img/0/164.jpg
0,DD/img/0/277.jpg
1,DD/img/1/145.jpg
1,DD/img/1/306.jpg
1,DD/img/1/376.jpg
1,DD/img/1/19.jpg
0,DD/img/0/602.jpg
0,DD/img/0/206.jpg
0,DD/img/0/17.jpg
0,DD/img/0/462.jpg
1,DD/img/1/352.jpg
0,DD/img/0/577.jpg
1,DD/img/1/162.jpg
1,DD/img/1/96.jpg
1,DD/img/1/54.jpg
1,DD/img/1/260.jpg
0,DD/img/0/574.jpg
0,DD/img/0/293.jpg
0,DD/img/0/613.jpg
0,DD/img/0/458.jpg
1,DD/img/1/385.jpg
1,DD/img/1/139.jpg
1,DD/img/1/259.jpg
1,DD/img/1/254.jpg
0,DD/img/0/25.jpg
1,DD/img/1/303.jpg
0,DD/img/0/11.jpg
1,DD/img/1/225.jpg
1,DD/img/1/207.jpg
0,DD/img/0/306.jpg
1,DD/img/1/195.jpg
1,DD/img/1/175.jpg
1,DD/img/1/439.jpg
0,DD/img/0/471.jpg
1,DD/img/1/199.jpg
1,DD/img/1/412.jpg
1,DD/img/1/389.jpg
0,DD/img/0/121.jpg
1,DD/img/1/99.jpg
0,DD/img/0/558.jpg
1,DD/img/1/262.jpg
1,DD/img/1/379.jpg
1,DD/img/1/74.jpg
0,DD/img/0/119.jpg
1,DD/img/1/428.jpg
0,DD/img/0/608.jpg
0,DD/img/0/194.jpg
1,DD/img/1/46.jpg
0,DD/img/0/521.jpg
1,DD/img/1/371.jpg
1,DD/img/1/425.jpg
1,DD/img/1/37.jpg
1,DD/img/1/281.jpg
0,DD/img/0/296.jpg
0,DD/img/0/424.jpg
0,DD/img/0/625.jpg
0,DD/img/0/500.jpg
0,DD/img/0/94.jpg
0,DD/img/0/113.jpg
0,DD/img/0/234.jpg
1,DD/img/1/115.jpg
1,DD/img/1/91.jpg
0,DD/img/0/104.jpg
0,DD/img/0/328.jpg
1,DD/img/1/291.jpg
1,DD/img/1/201.jpg
1,DD/img/1/473.jpg
0,DD/img/0/545.jpg
0,DD/img/0/274.jpg
1,DD/img/1/265.jpg
1,DD/img/1/252.jpg
0,DD/img/0/367.jpg
0,DD/img/0/34.jpg
1,DD/img/1/223.jpg
1,DD/img/1/272.jpg
0,DD/img/0/319.jpg
0,DD/img/0/379.jpg
0,DD/img/0/368.jpg
1,DD/img/1/475.jpg
1,DD/img/1/239.jpg
0,DD/img/0/448.jpg
1,DD/img/1/210.jpg
0,DD/img/0/453.jpg
0,DD/img/0/213.jpg
1,DD/img/1/479.jpg
0,DD/img/0/338.jpg
1,DD/img/1/321.jpg
0,DD/img/0/427.jpg
1,DD/img/1/415.jpg
1,DD/img/1/331.jpg
0,DD/img/0/334.jpg
1,DD/img/1/21.jpg
0,DD/img/0/599.jpg
0,DD/img/0/99.jpg
1,DD/img/1/85.jpg
0,DD/img/0/621.jpg
1,DD/img/1/384.jpg
1,DD/img/1/429.jpg
0,DD/img/0/607.jpg
1,DD/img/1/451.jpg
0,DD/img/0/377.jpg
0,DD/img/0/33.jpg
0,DD/img/0/517.jpg
1,DD/img/1/193.jpg
0,DD/img/0/544.jpg
1,DD/img/1/172.jpg
0,DD/img/0/395.jpg
0,DD/img/0/674.jpg
1,DD/img/1/422.jpg
1,DD/img/1/82.jpg
1,DD/img/1/101.jpg
0,DD/img/0/189.jpg
0,DD/img/0/498.jpg
0,DD/img/0/73.jpg
0,DD/img/0/335.jpg
0,DD/img/0/615.jpg
0,DD/img/0/44.jpg
0,DD/img/0/346.jpg
1,DD/img/1/469.jpg
0,DD/img/0/37.jpg
0,DD/img/0/456.jpg
0,DD/img/0/662.jpg
1,DD/img/1/478.jpg
1,DD/img/1/174.jpg
0,DD/img/0/46.jpg
1,DD/img/1/241.jpg
1,DD/img/1/364.jpg
0,DD/img/0/592.jpg
0,DD/img/0/270.jpg
0,DD/img/0/260.jpg
1,DD/img/1/86.jpg
1,DD/img/1/348.jpg
0,DD/img/0/410.jpg
1,DD/img/1/89.jpg
0,DD/img/0/225.jpg
1,DD/img/1/256.jpg
0,DD/img/0/323.jpg
0,DD/img/0/463.jpg
1,DD/img/1/217.jpg
1,DD/img/1/108.jpg
1,DD/img/1/131.jpg
0,DD/img/0/65.jpg
1,DD/img/1/62.jpg
1,DD/img/1/347.jpg
0,DD/img/0/676.jpg
0,DD/img/0/116.jpg
1,DD/img/1/155.jpg
0,DD/img/0/52.jpg
0,DD/img/0/172.jpg
1,DD/img/1/407.jpg
1,DD/img/1/420.jpg
0,DD/img/0/313.jpg
0,DD/img/0/109.jpg
0,DD/img/0/483.jpg
0,DD/img/0/437.jpg
1,DD/img/1/249.jpg
1,DD/img/1/151.jpg
0,DD/img/0/467.jpg
0,DD/img/0/614.jpg
0,DD/img/0/72.jpg
1,DD/img/1/437.jpg
0,DD/img/0/315.jpg
1,DD/img/1/394.jpg
1,DD/img/1/408.jpg
1,DD/img/1/462.jpg
1,DD/img/1/44.jpg
0,DD/img/0/654.jpg
1,DD/img/1/286.jpg
0,DD/img/0/378.jpg
0,DD/img/0/244.jpg
0,DD/img/0/171.jpg
0,DD/img/0/595.jpg
1,DD/img/1/353.jpg
0,DD/img/0/354.jpg
1,DD/img/1/334.jpg
1,DD/img/1/125.jpg
0,DD/img/0/247.jpg
0,DD/img/0/645.jpg
1,DD/img/1/388.jpg
1,DD/img/1/328.jpg
1,DD/img/1/357.jpg
1,DD/img/1/146.jpg
1,DD/img/1/269.jpg
0,DD/img/0/77.jpg
1,DD/img/1/48.jpg
0,DD/img/0/364.jpg
1,DD/img/1/107.jpg
0,DD/img/0/135.jpg
0,DD/img/0/326.jpg
1,DD/img/1/404.jpg
1,DD/img/1/426.jpg
0,DD/img/0/420.jpg
0,DD/img/0/675.jpg
1,DD/img/1/427.jpg
0,DD/img/0/58.jpg
1,DD/img/1/63.jpg
0,DD/img/0/242.jpg
1,DD/img/1/468.jpg
0,DD/img/0/349.jpg
0,DD/img/0/539.jpg
0,DD/img/0/553.jpg
1,DD/img/1/342.jpg
0,DD/img/0/490.jpg
0,DD/img/0/312.jpg
0,DD/img/0/422.jpg
1,DD/img/1/240.jpg
0,DD/img/0/431.jpg
0,DD/img/0/160.jpg
0,DD/img/0/660.jpg
0,DD/img/0/520.jpg
0,DD/img/0/581.jpg
1,DD/img/1/154.jpg
0,DD/img/0/430.jpg
0,DD/img/0/622.jpg
1,DD/img/1/449.jpg
0,DD/img/0/117.jpg
0,DD/img/0/66.jpg
1,DD/img/1/368.jpg
1,DD/img/1/72.jpg
0,DD/img/0/373.jpg
0,DD/img/0/543.jpg
1,DD/img/1/33.jpg
1,DD/img/1/300.jpg
0,DD/img/0/181.jpg
1,DD/img/1/471.jpg
1,DD/img/1/266.jpg
1,DD/img/1/153.jpg
1,DD/img/1/230.jpg
0,DD/img/0/370.jpg
0,DD/img/0/31.jpg
1,DD/img/1/414.jpg
0,DD/img/0/87.jpg
0,DD/img/0/362.jpg
0,DD/img/0/133.jpg
0,DD/img/0/492.jpg
1,DD/img/1/104.jpg
1,DD/img/1/308.jpg
1,DD/img/1/309.jpg
1,DD/img/1/106.jpg
1,DD/img/1/142.jpg
1,DD/img/1/472.jpg
1,DD/img/1/117.jpg
0,DD/img/0/657.jpg
0,DD/img/0/289.jpg
0,DD/img/0/406.jpg
0,DD/img/0/71.jpg
0,DD/img/0/279.jpg
1,DD/img/1/243.jpg
0,DD/img/0/176.jpg
0,DD/img/0/343.jpg
0,DD/img/0/241.jpg
0,DD/img/0/484.jpg
1,DD/img/1/317.jpg
1,DD/img/1/267.jpg
0,DD/img/0/673.jpg
0,DD/img/0/167.jpg
0,DD/img/0/38.jpg
0,DD/img/0/651.jpg
1,DD/img/1/341.jpg
0,DD/img/0/130.jpg
0,DD/img/0/396.jpg
0,DD/img/0/128.jpg
0,DD/img/0/432.jpg
1,DD/img/1/158.jpg
1,DD/img/1/461.jpg
0,DD/img/0/516.jpg
1,DD/img/1/79.jpg
0,DD/img/0/53.jpg
1,DD/img/1/410.jpg
1,DD/img/1/181.jpg
0,DD/img/0/330.jpg
1,DD/img/1/395.jpg
1,DD/img/1/416.jpg
1,DD/img/1/57.jpg
0,DD/img/0/83.jpg
1,DD/img/1/149.jpg
1,DD/img/1/190.jpg
0,DD/img/0/47.jpg
1,DD/img/1/137.jpg
1,DD/img/1/156.jpg
1,DD/img/1/458.jpg
0,DD/img/0/185.jpg
1,DD/img/1/457.jpg
0,DD/img/0/84.jpg
1,DD/img/1/221.jpg
1,DD/img/1/81.jpg
0,DD/img/0/95.jpg
0,DD/img/0/252.jpg
1,DD/img/1/283.jpg
0,DD/img/0/140.jpg
0,DD/img/0/63.jpg
0,DD/img/0/611.jpg
0,DD/img/0/7.jpg
0,DD/img/0/68.jpg
1,DD/img/1/374.jpg
1,DD/img/1/16.jpg
1,DD/img/1/329.jpg
1,DD/img/1/173.jpg
1,DD/img/1/323.jpg
0,DD/img/0/163.jpg
0,DD/img/0/144.jpg
0,DD/img/0/341.jpg
0,DD/img/0/138.jpg
0,DD/img/0/110.jpg
0,DD/img/0/310.jpg
1,DD/img/1/5.jpg
0,DD/img/0/573.jpg
0,DD/img/0/509.jpg
0,DD/img/0/282.jpg
0,DD/img/0/604.jpg
1,DD/img/1/92.jpg
1,DD/img/1/159.jpg
0,DD/img/0/14.jpg
1,DD/img/1/47.jpg
1,DD/img/1/255.jpg
1,DD/img/1/68.jpg
0,DD/img/0/624.jpg
1,DD/img/1/49.jpg
1,DD/img/1/208.jpg
1,DD/img/1/359.jpg
0,DD/img/0/4.jpg
1,DD/img/1/215.jpg
0,DD/img/0/631.jpg
0,DD/img/0/609.jpg
0,DD/img/0/557.jpg
0,DD/img/0/552.jpg
1,DD/img/1/134.jpg
1,DD/img/1/344.jpg
0,DD/img/0/637.jpg
0,DD/img/0/508.jpg
1,DD/img/1/64.jpg
0,DD/img/0/45.jpg
0,DD/img/0/528.jpg
0,DD/img/0/311.jpg
0,DD/img/0/115.jpg
0,DD/img/0/449.jpg
1,DD/img/1/183.jpg
0,DD/img/0/321.jpg
1,DD/img/1/170.jpg
0,DD/img/0/639.jpg
0,DD/img/0/150.jpg
0,DD/img/0/114.jpg
1,DD/img/1/464.jpg
1,DD/img/1/135.jpg
1,DD/img/1/1.jpg
1,DD/img/1/169.jpg
1,DD/img/1/327.jpg
0,DD/img/0/404.jpg
1,DD/img/1/176.jpg
0,DD/img/0/134.jpg
1,DD/img/1/484.jpg
0,DD/img/0/36.jpg
0,DD/img/0/208.jpg
0,DD/img/0/226.jpg
1,DD/img/1/377.jpg
0,DD/img/0/149.jpg
0,DD/img/0/383.jpg
1,DD/img/1/235.jpg
0,DD/img/0/486.jpg
0,DD/img/0/283.jpg
1,DD/img/1/232.jpg
0,DD/img/0/79.jpg
0,DD/img/0/188.jpg
1,DD/img/1/168.jpg
1,DD/img/1/127.jpg
1,DD/img/1/444.jpg
1,DD/img/1/3.jpg
0,DD/img/0/499.jpg
0,DD/img/0/169.jpg
0,DD/img/0/414.jpg
0,DD/img/0/212.jpg
0,DD/img/0/684.jpg
1,DD/img/1/7.jpg
1,DD/img/1/165.jpg
0,DD/img/0/9.jpg
1,DD/img/1/307.jpg
0,DD/img/0/299.jpg
0,DD/img/0/30.jpg
0,DD/img/0/255.jpg
0,DD/img/0/147.jpg
1,DD/img/1/370.jpg
0,DD/img/0/204.jpg
1,DD/img/1/339.jpg
0,DD/img/0/43.jpg
0,DD/img/0/173.jpg
0,DD/img/0/152.jpg
0,DD/img/0/236.jpg
0,DD/img/0/146.jpg
0,DD/img/0/605.jpg
1,DD/img/1/138.jpg
0,DD/img/0/237.jpg
1,DD/img/1/351.jpg
1,DD/img/1/88.jpg
1,DD/img/1/403.jpg
0,DD/img/0/253.jpg
0,DD/img/0/297.jpg
1,DD/img/1/166.jpg
1,DD/img/1/250.jpg
0,DD/img/0/576.jpg
0,DD/img/0/488.jpg
0,DD/img/0/16.jpg
0,DD/img/0/49.jpg
0,DD/img/0/415.jpg
0,DD/img/0/19.jpg
0,DD/img/0/690.jpg
0,DD/img/0/61.jpg
0,DD/img/0/678.jpg
0,DD/img/0/304.jpg
0,DD/img/0/428.jpg
1,DD/img/1/314.jpg
0,DD/img/0/214.jpg
0,DD/img/0/356.jpg
0,DD/img/0/190.jpg
0,DD/img/0/120.jpg
0,DD/img/0/6.jpg
1,DD/img/1/453.jpg
1,DD/img/1/258.jpg
1,DD/img/1/116.jpg
0,DD/img/0/537.jpg
1,DD/img/1/411.jpg
1,DD/img/1/119.jpg
0,DD/img/0/387.jpg
0,DD/img/0/600.jpg
1,DD/img/1/113.jpg
1,DD/img/1/222.jpg
0,DD/img/0/103.jpg
0,DD/img/0/587.jpg
0,DD/img/0/630.jpg
0,DD/img/0/569.jpg
0,DD/img/0/28.jpg
0,DD/img/0/325.jpg
0,DD/img/0/69.jpg
1,DD/img/1/366.jpg
0,DD/img/0/182.jpg
0,DD/img/0/507.jpg
1,DD/img/1/141.jpg
0,DD/img/0/62.jpg
0,DD/img/0/389.jpg
1,DD/img/1/440.jpg
0,DD/img/0/223.jpg
0,DD/img/0/461.jpg
0,DD/img/0/90.jpg
0,DD/img/0/102.jpg
0,DD/img/0/565.jpg
0,DD/img/0/261.jpg
0,DD/img/0/504.jpg
1,DD/img/1/185.jpg
0,DD/img/0/429.jpg
0,DD/img/0/259.jpg
0,DD/img/0/647.jpg
1,DD/img/1/333.jpg
0,DD/img/0/634.jpg
1,DD/img/1/95.jpg
1,DD/img/1/401.jpg
1,DD/img/1/405.jpg
0,DD/img/0/452.jpg
0,DD/img/0/179.jpg
1,DD/img/1/219.jpg
0,DD/img/0/502.jpg
0,DD/img/0/272.jpg
0,DD/img/0/399.jpg
1,DD/img/1/292.jpg
1,DD/img/1/28.jpg
0,DD/img/0/298.jpg
0,DD/img/0/515.jpg
1,DD/img/1/392.jpg
1,DD/img/1/202.jpg
0,DD/img/0/156.jpg
0,DD/img/0/74.jpg
0,DD/img/0/505.jpg
0,DD/img/0/168.jpg
0,DD/img/0/353.jpg
0,DD/img/0/646.jpg
0,DD/img/0/421.jpg
0,DD/img/0/332.jpg
0,DD/img/0/450.jpg
1,DD/img/1/273.jpg
1,DD/img/1/280.jpg
1,DD/img/1/216.jpg
0,DD/img/0/618.jpg
0,DD/img/0/105.jpg
0,DD/img/0/148.jpg
0,DD/img/0/101.jpg
1,DD/img/1/197.jpg
1,DD/img/1/120.jpg
1,DD/img/1/228.jpg
0,DD/img/0/98.jpg
0,DD/img/0/333.jpg
0,DD/img/0/479.jpg
0,DD/img/0/594.jpg
1,DD/img/1/476.jpg
0,DD/img/0/161.jpg
0,DD/img/0/494.jpg
1,DD/img/1/396.jpg
1,DD/img/1/442.jpg
1,DD/img/1/87.jpg
1,DD/img/1/206.jpg
1,DD/img/1/288.jpg
1,DD/img/1/191.jpg
1,DD/img/1/424.jpg
0,DD/img/0/107.jpg
0,DD/img/0/636.jpg
1,DD/img/1/182.jpg
1,DD/img/1/80.jpg
0,DD/img/0/224.jpg
1,DD/img/1/124.jpg
1,DD/img/1/188.jpg
0,DD/img/0/550.jpg
0,DD/img/0/126.jpg
1,DD/img/1/17.jpg
0,DD/img/0/447.jpg
1,DD/img/1/450.jpg
0,DD/img/0/459.jpg
1,DD/img/1/485.jpg
0,DD/img/0/419.jpg
0,DD/img/0/292.jpg
0,DD/img/0/246.jpg
0,DD/img/0/635.jpg
0,DD/img/0/195.jpg
0,DD/img/0/408.jpg
0,DD/img/0/360.jpg
0,DD/img/0/391.jpg
1,DD/img/1/103.jpg
1,DD/img/1/454.jpg
0,DD/img/0/106.jpg
1,DD/img/1/393.jpg
0,DD/img/0/217.jpg
1,DD/img/1/319.jpg
1,DD/img/1/367.jpg
1,DD/img/1/326.jpg
0,DD/img/0/281.jpg
0,DD/img/0/221.jpg
0,DD/img/0/300.jpg
1,DD/img/1/41.jpg
1,DD/img/1/150.jpg
1,DD/img/1/152.jpg
0,DD/img/0/268.jpg
1,DD/img/1/459.jpg
1,DD/img/1/171.jpg
0,DD/img/0/320.jpg
0,DD/img/0/137.jpg
1,DD/img/1/277.jpg
0,DD/img/0/249.jpg
1,DD/img/1/180.jpg
1,DD/img/1/224.jpg
1,DD/img/1/397.jpg
0,DD/img/0/287.jpg
1,DD/img/1/417.jpg
0,DD/img/0/344.jpg
0,DD/img/0/232.jpg
0,DD/img/0/454.jpg
1,DD/img/1/128.jpg
0,DD/img/0/667.jpg
0,DD/img/0/472.jpg
0,DD/img/0/88.jpg
0,DD/img/0/683.jpg
0,DD/img/0/393.jpg
0,DD/img/0/628.jpg
0,DD/img/0/616.jpg
0,DD/img/0/175.jpg
1,DD/img/1/111.jpg
1,DD/img/1/482.jpg
1,DD/img/1/330.jpg
1,DD/img/1/77.jpg
0,DD/img/0/371.jpg
0,DD/img/0/210.jpg
0,DD/img/0/13.jpg
1,DD/img/1/301.jpg
0,DD/img/0/397.jpg
1,DD/img/1/299.jpg
1,DD/img/1/59.jpg
1,DD/img/1/302.jpg
0,DD/img/0/192.jpg
1,DD/img/1/209.jpg
0,DD/img/0/554.jpg
0,DD/img/0/582.jpg
1,DD/img/1/315.jpg
0,DD/img/0/603.jpg
0,DD/img/0/512.jpg
1,DD/img/1/276.jpg
0,DD/img/0/202.jpg
0,DD/img/0/585.jpg
0,DD/img/0/131.jpg
0,DD/img/0/468.jpg
0,DD/img/0/411.jpg
0,DD/img/0/610.jpg
0,DD/img/0/302.jpg
0,DD/img/0/548.jpg
0,DD/img/0/562.jpg
1,DD/img/1/486.jpg
1,DD/img/1/189.jpg
0,DD/img/0/42.jpg
1,DD/img/1/316.jpg
0,DD/img/0/649.jpg
1,DD/img/1/65.jpg
1,DD/img/1/361.jpg
1,DD/img/1/430.jpg
1,DD/img/1/409.jpg
0,DD/img/0/629.jpg
0,DD/img/0/199.jpg
0,DD/img/0/442.jpg
0,DD/img/0/567.jpg
0,DD/img/0/154.jpg
0,DD/img/0/145.jpg
0,DD/img/0/642.jpg
0,DD/img/0/183.jpg
0,DD/img/0/166.jpg
0,DD/img/0/473.jpg
0,DD/img/0/267.jpg
1,DD/img/1/380.jpg
0,DD/img/0/648.jpg
0,DD/img/0/216.jpg
1,DD/img/1/244.jpg
1,DD/img/1/105.jpg
1,DD/img/1/460.jpg
0,DD/img/0/263.jpg
1,DD/img/1/227.jpg
1,DD/img/1/335.jpg
0,DD/img/0/540.jpg
1,DD/img/1/102.jpg
0,DD/img/0/123.jpg
1,DD/img/1/343.jpg
0,DD/img/0/308.jpg
0,DD/img/0/482.jpg
0,DD/img/0/129.jpg
0,DD/img/0/382.jpg
0,DD/img/0/141.jpg
0,DD/img/0/70.jpg
0,DD/img/0/586.jpg
1,DD/img/1/236.jpg
1,DD/img/1/349.jpg
0,DD/img/0/519.jpg
1,DD/img/1/247.jpg
1,DD/img/1/178.jpg
0,DD/img/0/239.jpg
1,DD/img/1/362.jpg
0,DD/img/0/8.jpg
0,DD/img/0/89.jpg
0,DD/img/0/491.jpg
0,DD/img/0/376.jpg
0,DD/img/0/264.jpg
0,DD/img/0/665.jpg
1,DD/img/1/71.jpg
1,DD/img/1/436.jpg
0,DD/img/0/485.jpg
0,DD/img/0/155.jpg
0,DD/img/0/151.jpg
1,DD/img/1/447.jpg
0,DD/img/0/626.jpg
0,DD/img/0/384.jpg
1,DD/img/1/192.jpg
1,DD/img/1/313.jpg
0,DD/img/0/583.jpg
0,DD/img/0/527.jpg
0,DD/img/0/440.jpg
0,DD/img/0/596.jpg
0,DD/img/0/96.jpg
1,DD/img/1/179.jpg
0,DD/img/0/400.jpg
0,DD/img/0/680.jpg
0,DD/img/0/229.jpg
1,DD/img/1/245.jpg
1,DD/img/1/118.jpg
1,DD/img/1/84.jpg
1,DD/img/1/6.jpg
1,DD/img/1/296.jpg
1,DD/img/1/356.jpg
0,DD/img/0/526.jpg
1,DD/img/1/94.jpg
0,DD/img/0/661.jpg
0,DD/img/0/233.jpg
1,DD/img/1/70.jpg
0,DD/img/0/534.jpg
0,DD/img/0/85.jpg
1,DD/img/1/237.jpg
0,DD/img/0/529.jpg
1,DD/img/1/123.jpg
1,DD/img/1/109.jpg
0,DD/img/0/363.jpg
1,DD/img/1/163.jpg
1,DD/img/1/242.jpg
1,DD/img/1/365.jpg
0,DD/img/0/433.jpg
0,DD/img/0/348.jpg
0,DD/img/0/563.jpg
0,DD/img/0/523.jpg
0,DD/img/0/307.jpg
0,DD/img/0/256.jpg
0,DD/img/0/687.jpg
0,DD/img/0/559.jpg
0,DD/img/0/337.jpg
1,DD/img/1/369.jpg
1,DD/img/1/275.jpg
1,DD/img/1/456.jpg
0,DD/img/0/542.jpg
0,DD/img/0/245.jpg
1,DD/img/1/97.jpg
0,DD/img/0/180.jpg
1,DD/img/1/257.jpg
0,DD/img/0/205.jpg
0,DD/img/0/5.jpg
0,DD/img/0/327.jpg
1,DD/img/1/132.jpg
0,DD/img/0/345.jpg
1,DD/img/1/287.jpg
0,DD/img/0/407.jpg
1,DD/img/1/212.jpg
1,DD/img/1/386.jpg
1,DD/img/1/399.jpg
0,DD/img/0/80.jpg
0,DD/img/0/478.jpg
0,DD/img/0/51.jpg
0,DD/img/0/0.jpg
1,DD/img/1/282.jpg
0,DD/img/0/3.jpg
1,DD/img/1/363.jpg
0,DD/img/0/201.jpg
0,DD/img/0/392.jpg
0,DD/img/0/617.jpg
0,DD/img/0/506.jpg
0,DD/img/0/357.jpg
0,DD/img/0/316.jpg
1,DD/img/1/452.jpg
1,DD/img/1/36.jpg
0,DD/img/0/560.jpg
0,DD/img/0/142.jpg
0,DD/img/0/230.jpg
0,DD/img/0/303.jpg
0,DD/img/0/64.jpg
0,DD/img/0/374.jpg
0,DD/img/0/317.jpg
0,DD/img/0/55.jpg
0,DD/img/0/679.jpg
0,DD/img/0/386.jpg
0,DD/img/0/347.jpg
0,DD/img/0/632.jpg
1,DD/img/1/383.jpg
0,DD/img/0/579.jpg
0,DD/img/0/677.jpg
0,DD/img/0/489.jpg
0,DD/img/0/12.jpg
0,DD/img/0/153.jpg
0,DD/img/0/165.jpg
0,DD/img/0/358.jpg
0,DD/img/0/191.jpg
0,DD/img/0/640.jpg
1,DD/img/1/98.jpg
1,DD/img/1/164.jpg
1,DD/img/1/90.jpg
0,DD/img/0/240.jpg
0,DD/img/0/380.jpg
0,DD/img/0/207.jpg
0,DD/img/0/688.jpg
1,DD/img/1/194.jpg
1,DD/img/1/431.jpg
0,DD/img/0/20.jpg
0,DD/img/0/108.jpg
0,DD/img/0/475.jpg
1,DD/img/1/93.jpg
0,DD/img/0/524.jpg
1,DD/img/1/112.jpg
0,DD/img/0/451.jpg
1,DD/img/1/297.jpg
1,DD/img/1/66.jpg
0,DD/img/0/434.jpg
0,DD/img/0/41.jpg
1,DD/img/1/58.jpg
0,DD/img/0/689.jpg
0,DD/img/0/570.jpg
0,DD/img/0/331.jpg
0,DD/img/0/597.jpg
0,DD/img/0/656.jpg
0,DD/img/0/265.jpg
1,DD/img/1/52.jpg
1,DD/img/1/121.jpg
1,DD/img/1/398.jpg
1,DD/img/1/147.jpg
1,DD/img/1/448.jpg
0,DD/img/0/76.jpg
0,DD/img/0/276.jpg
0,DD/img/0/682.jpg
1,DD/img/1/73.jpg
1,DD/img/1/8.jpg
1,DD/img/1/279.jpg
0,DD/img/0/309.jpg
1,DD/img/1/400.jpg
0,DD/img/0/365.jpg
1,DD/img/1/26.jpg
0,DD/img/0/495.jpg
1,DD/img/1/60.jpg
0,DD/img/0/532.jpg
1,DD/img/1/311.jpg
1,DD/img/1/433.jpg
0,DD/img/0/405.jpg
1,DD/img/1/35.jpg
0,DD/img/0/580.jpg
1,DD/img/1/56.jpg
0,DD/img/0/162.jpg
0,DD/img/0/591.jpg
1,DD/img/1/372.jpg
0,DD/img/0/295.jpg
0,DD/img/0/288.jpg
0,DD/img/0/510.jpg
1,DD/img/1/382.jpg
1,DD/img/1/61.jpg
0,DD/img/0/589.jpg
1,DD/img/1/358.jpg
0,DD/img/0/670.jpg
0,DD/img/0/351.jpg
0,DD/img/0/266.jpg
0,DD/img/0/518.jpg
0,DD/img/0/638.jpg
1,DD/img/1/13.jpg
1,DD/img/1/15.jpg
0,DD/img/0/23.jpg
0,DD/img/0/465.jpg
0,DD/img/0/329.jpg
1,DD/img/1/332.jpg
0,DD/img/0/159.jpg
0,DD/img/0/254.jpg
0,DD/img/0/60.jpg
1,DD/img/1/133.jpg
0,DD/img/0/111.jpg
1,DD/img/1/325.jpg
